New_Combination,Predicted_Accuracy(%),Predicted_DataVolume,Predicted_Latency_Sum(ms),Predicted_RoundTime_Max(ms),Numerical_Combination,ZeroShot_Accuracy(%),ZeroShot_DataVolume,ZeroShot_Latency_Sum(ms),ZeroShot_RoundTime_Max(ms),Combo_Set,Historical_Combination,Historical_Accuracy,Historical_DataVolume,Historical_Latency,Historical_RoundTime
C2-C3-C6-C19-C20,11.379999667406082,11986,5084.185361862183,1141.227960586548,2-3-6-19-20,11.52159,11845.351,58460.63,14921.394,"{'C20', 'C2', 'C6', 'C3', 'C19'}",C2-C3,18.240000307559967,4795.0,,11675.539016723633
C2-C3-C6-C19-C20,11.379999667406082,11986,5084.185361862183,1141.227960586548,2-3-6-19-20,11.52159,11845.351,58460.63,14921.394,"{'C20', 'C2', 'C6', 'C3', 'C19'}",C2-C6,11.12999990582466,4792.0,,11675.539016723633
C2-C3-C6-C19-C20,11.379999667406082,11986,5084.185361862183,1141.227960586548,2-3-6-19-20,11.52159,11845.351,58460.63,14921.394,"{'C20', 'C2', 'C6', 'C3', 'C19'}",C3-C6,13.979999721050262,4797.0,,11017.77482032776
C2-C3-C6-C19-C20,11.379999667406082,11986,5084.185361862183,1141.227960586548,2-3-6-19-20,11.52159,11845.351,58460.63,14921.394,"{'C20', 'C2', 'C6', 'C3', 'C19'}",C2-C3-C6,17.239999771118164,7192.0,,11675.539016723633
C5-C8-C17-C22-C24,11.010000109672546,11984,4898.158550262451,1083.1329822540283,5-8-17-22-24,12.544854,11783.922,61264.535,15477.954,"{'C5', 'C8', 'C22', 'C24', 'C17'}",C5-C8,20.430000126361847,4796.0,,14680.899620056152
C1-C3-C8-C19-C20,11.43999993801117,11993,4759.742975234985,965.6870365142822,1-3-8-19-20,12.482008,11884.33,61226.785,15573.046,"{'C8', 'C1', 'C20', 'C3', 'C19'}",C1-C3,18.69000047445297,4800.0,,11987.98441886902
C1-C3-C8-C19-C20,11.43999993801117,11993,4759.742975234985,965.6870365142822,1-3-8-19-20,12.482008,11884.33,61226.785,15573.046,"{'C8', 'C1', 'C20', 'C3', 'C19'}",C1-C8,10.289999842643738,4796.0,,14680.899620056152
C1-C3-C8-C19-C20,11.43999993801117,11993,4759.742975234985,965.6870365142822,1-3-8-19-20,12.482008,11884.33,61226.785,15573.046,"{'C8', 'C1', 'C20', 'C3', 'C19'}",C3-C8,13.48000019788742,4796.0,,14680.899620056152
C1-C3-C8-C19-C20,11.43999993801117,11993,4759.742975234985,965.6870365142822,1-3-8-19-20,12.482008,11884.33,61226.785,15573.046,"{'C8', 'C1', 'C20', 'C3', 'C19'}",C1-C3-C8,12.229999899864197,7196.0,,14680.899620056152
C4-C7-C8-C17-C21,12.42000013589859,11991,5003.420352935791,1129.2064189910889,4-7-8-17-21,12.120075,12079.944,63834.53,16241.508,"{'C4', 'C8', 'C7', 'C21', 'C17'}",C4-C7,13.490000367164612,4795.0,,12736.55891418457
C4-C7-C8-C17-C21,12.42000013589859,11991,5003.420352935791,1129.2064189910889,4-7-8-17-21,12.120075,12079.944,63834.53,16241.508,"{'C4', 'C8', 'C7', 'C21', 'C17'}",C4-C8,10.490000247955322,4791.0,,14680.899620056152
C4-C7-C8-C17-C21,12.42000013589859,11991,5003.420352935791,1129.2064189910889,4-7-8-17-21,12.120075,12079.944,63834.53,16241.508,"{'C4', 'C8', 'C7', 'C21', 'C17'}",C7-C8,17.03999936580658,4796.0,,14680.899620056152
C4-C7-C8-C17-C21,12.42000013589859,11991,5003.420352935791,1129.2064189910889,4-7-8-17-21,12.120075,12079.944,63834.53,16241.508,"{'C4', 'C8', 'C7', 'C21', 'C17'}",C4-C7-C8,16.95999950170517,7191.0,,14680.899620056152
C1-C2-C6-C22-C24,12.030000239610672,11977,4814.815998077393,982.4709892272948,1-2-6-22-24,12.173839,11801.707,57409.773,13916.794,"{'C1', 'C22', 'C24', 'C2', 'C6'}",C1-C2,10.409999638795853,4795.0,,11987.98441886902
C1-C2-C6-C22-C24,12.030000239610672,11977,4814.815998077393,982.4709892272948,1-2-6-22-24,12.173839,11801.707,57409.773,13916.794,"{'C1', 'C22', 'C24', 'C2', 'C6'}",C1-C6,18.950000405311584,4797.0,,11987.98441886902
C1-C2-C6-C22-C24,12.030000239610672,11977,4814.815998077393,982.4709892272948,1-2-6-22-24,12.173839,11801.707,57409.773,13916.794,"{'C1', 'C22', 'C24', 'C2', 'C6'}",C2-C6,11.12999990582466,4792.0,,11675.539016723633
C1-C2-C6-C22-C24,12.030000239610672,11977,4814.815998077393,982.4709892272948,1-2-6-22-24,12.173839,11801.707,57409.773,13916.794,"{'C1', 'C22', 'C24', 'C2', 'C6'}",C1-C2-C6,10.890000313520432,7192.0,,11987.98441886902
C1-C3-C4-C5-C6,11.640000343322754,11989,5066.764116287231,1026.9103050231934,1-3-4-5-6,13.162903,11890.607,55143.996,13820.537,"{'C5', 'C4', 'C1', 'C6', 'C3'}",C1-C3,18.69000047445297,4800.0,,11987.98441886902
C1-C3-C4-C5-C6,11.640000343322754,11989,5066.764116287231,1026.9103050231934,1-3-4-5-6,13.162903,11890.607,55143.996,13820.537,"{'C5', 'C4', 'C1', 'C6', 'C3'}",C1-C4,11.429999768733978,4795.0,,11987.98441886902
C1-C3-C4-C5-C6,11.640000343322754,11989,5066.764116287231,1026.9103050231934,1-3-4-5-6,13.162903,11890.607,55143.996,13820.537,"{'C5', 'C4', 'C1', 'C6', 'C3'}",C1-C5,15.35000056028366,4800.0,,12506.68454170227
C1-C3-C4-C5-C6,11.640000343322754,11989,5066.764116287231,1026.9103050231934,1-3-4-5-6,13.162903,11890.607,55143.996,13820.537,"{'C5', 'C4', 'C1', 'C6', 'C3'}",C1-C6,18.950000405311584,4797.0,,11987.98441886902
C1-C3-C4-C5-C6,11.640000343322754,11989,5066.764116287231,1026.9103050231934,1-3-4-5-6,13.162903,11890.607,55143.996,13820.537,"{'C5', 'C4', 'C1', 'C6', 'C3'}",C3-C4,9.679999947547913,4795.0,,9391.66235923767
C1-C3-C4-C5-C6,11.640000343322754,11989,5066.764116287231,1026.9103050231934,1-3-4-5-6,13.162903,11890.607,55143.996,13820.537,"{'C5', 'C4', 'C1', 'C6', 'C3'}",C3-C5,18.039999902248383,4800.0,,12506.68454170227
C1-C3-C4-C5-C6,11.640000343322754,11989,5066.764116287231,1026.9103050231934,1-3-4-5-6,13.162903,11890.607,55143.996,13820.537,"{'C5', 'C4', 'C1', 'C6', 'C3'}",C3-C6,13.979999721050262,4797.0,,11017.77482032776
C1-C3-C4-C5-C6,11.640000343322754,11989,5066.764116287231,1026.9103050231934,1-3-4-5-6,13.162903,11890.607,55143.996,13820.537,"{'C5', 'C4', 'C1', 'C6', 'C3'}",C4-C5,19.169999659061432,4795.0,,12506.68454170227
C1-C3-C4-C5-C6,11.640000343322754,11989,5066.764116287231,1026.9103050231934,1-3-4-5-6,13.162903,11890.607,55143.996,13820.537,"{'C5', 'C4', 'C1', 'C6', 'C3'}",C4-C6,15.880000591278076,4792.0,,11017.77482032776
C1-C3-C4-C5-C6,11.640000343322754,11989,5066.764116287231,1026.9103050231934,1-3-4-5-6,13.162903,11890.607,55143.996,13820.537,"{'C5', 'C4', 'C1', 'C6', 'C3'}",C5-C6,8.250000327825546,4797.0,,12506.68454170227
C1-C3-C4-C5-C6,11.640000343322754,11989,5066.764116287231,1026.9103050231934,1-3-4-5-6,13.162903,11890.607,55143.996,13820.537,"{'C5', 'C4', 'C1', 'C6', 'C3'}",C1-C3-C4,16.300000250339508,7195.0,,11987.98441886902
C1-C3-C4-C5-C6,11.640000343322754,11989,5066.764116287231,1026.9103050231934,1-3-4-5-6,13.162903,11890.607,55143.996,13820.537,"{'C5', 'C4', 'C1', 'C6', 'C3'}",C1-C3-C5,16.96999967098236,7200.0,,12506.68454170227
C1-C3-C4-C5-C6,11.640000343322754,11989,5066.764116287231,1026.9103050231934,1-3-4-5-6,13.162903,11890.607,55143.996,13820.537,"{'C5', 'C4', 'C1', 'C6', 'C3'}",C1-C3-C6,17.87000000476837,7197.0,,11987.98441886902
C1-C3-C4-C5-C6,11.640000343322754,11989,5066.764116287231,1026.9103050231934,1-3-4-5-6,13.162903,11890.607,55143.996,13820.537,"{'C5', 'C4', 'C1', 'C6', 'C3'}",C1-C4-C5,10.270000249147415,7195.0,,12506.68454170227
C1-C3-C4-C5-C6,11.640000343322754,11989,5066.764116287231,1026.9103050231934,1-3-4-5-6,13.162903,11890.607,55143.996,13820.537,"{'C5', 'C4', 'C1', 'C6', 'C3'}",C1-C4-C6,11.010000109672546,7192.0,,11987.98441886902
C1-C3-C4-C5-C6,11.640000343322754,11989,5066.764116287231,1026.9103050231934,1-3-4-5-6,13.162903,11890.607,55143.996,13820.537,"{'C5', 'C4', 'C1', 'C6', 'C3'}",C1-C5-C6,12.649999558925629,7197.0,,12506.68454170227
C1-C3-C4-C5-C6,11.640000343322754,11989,5066.764116287231,1026.9103050231934,1-3-4-5-6,13.162903,11890.607,55143.996,13820.537,"{'C5', 'C4', 'C1', 'C6', 'C3'}",C3-C4-C5,9.560000151395798,7195.0,,12506.68454170227
C1-C3-C4-C5-C6,11.640000343322754,11989,5066.764116287231,1026.9103050231934,1-3-4-5-6,13.162903,11890.607,55143.996,13820.537,"{'C5', 'C4', 'C1', 'C6', 'C3'}",C3-C4-C6,9.57999974489212,7192.0,,11017.77482032776
C1-C3-C4-C5-C6,11.640000343322754,11989,5066.764116287231,1026.9103050231934,1-3-4-5-6,13.162903,11890.607,55143.996,13820.537,"{'C5', 'C4', 'C1', 'C6', 'C3'}",C3-C5-C6,14.62000012397766,7197.0,,12506.68454170227
C1-C3-C4-C5-C6,11.640000343322754,11989,5066.764116287231,1026.9103050231934,1-3-4-5-6,13.162903,11890.607,55143.996,13820.537,"{'C5', 'C4', 'C1', 'C6', 'C3'}",C4-C5-C6,12.0899997651577,7192.0,,12506.68454170227
C9-C10-C16-C17-C19,8.290000259876251,11990,5228.275299072266,1194.1466331481934,9-10-16-17-19,12.831532,11826.547,64007.457,15346.406,"{'C16', 'C17', 'C9', 'C10', 'C19'}",C9-C10,18.41000020503997,4793.0,,15963.633060455322
C2-C7-C15-C21-C25,13.220000267028809,11995,5099.077701568604,1039.5100116729736,2-7-15-21-25,11.433196,12148.345,62732.96,15701.05,"{'C25', 'C15', 'C7', 'C21', 'C2'}",C2-C7,8.919999748468399,4795.0,,12736.55891418457
C5-C8-C19-C21-C25,9.640000015497208,11996,5093.059778213501,1031.9101810455322,5-8-19-21-25,12.714449,12002.53,66315.086,16758.201,"{'C5', 'C25', 'C8', 'C21', 'C19'}",C5-C8,20.430000126361847,4796.0,,14680.899620056152
C1-C3-C5-C22-C23,10.209999978542328,11994,5423.359394073486,1301.790714263916,1-3-5-22-23,12.432017,12150.033,60494.45,15168.118,"{'C5', 'C1', 'C23', 'C22', 'C3'}",C1-C3,18.69000047445297,4800.0,,11987.98441886902
C1-C3-C5-C22-C23,10.209999978542328,11994,5423.359394073486,1301.790714263916,1-3-5-22-23,12.432017,12150.033,60494.45,15168.118,"{'C5', 'C1', 'C23', 'C22', 'C3'}",C1-C5,15.35000056028366,4800.0,,12506.68454170227
C1-C3-C5-C22-C23,10.209999978542328,11994,5423.359394073486,1301.790714263916,1-3-5-22-23,12.432017,12150.033,60494.45,15168.118,"{'C5', 'C1', 'C23', 'C22', 'C3'}",C3-C5,18.039999902248383,4800.0,,12506.68454170227
C1-C3-C5-C22-C23,10.209999978542328,11994,5423.359394073486,1301.790714263916,1-3-5-22-23,12.432017,12150.033,60494.45,15168.118,"{'C5', 'C1', 'C23', 'C22', 'C3'}",C1-C3-C5,16.96999967098236,7200.0,,12506.68454170227
C4-C8-C10-C20-C21,9.470000118017197,11983,5121.788024902344,1062.507390975952,4-8-10-20-21,12.432438,11798.018,64987.93,16782.04,"{'C4', 'C8', 'C20', 'C21', 'C10'}",C4-C8,10.490000247955322,4791.0,,14680.899620056152
C4-C8-C10-C20-C21,9.470000118017197,11983,5121.788024902344,1062.507390975952,4-8-10-20-21,12.432438,11798.018,64987.93,16782.04,"{'C4', 'C8', 'C20', 'C21', 'C10'}",C4-C10,13.40000033378601,4788.0,,9668.248653411863
C4-C8-C10-C20-C21,9.470000118017197,11983,5121.788024902344,1062.507390975952,4-8-10-20-21,12.432438,11798.018,64987.93,16782.04,"{'C4', 'C8', 'C20', 'C21', 'C10'}",C8-C10,13.619999587535858,4789.0,,14680.899620056152
C4-C8-C10-C20-C21,9.470000118017197,11983,5121.788024902344,1062.507390975952,4-8-10-20-21,12.432438,11798.018,64987.93,16782.04,"{'C4', 'C8', 'C20', 'C21', 'C10'}",C4-C8-C10,10.339999943971634,7184.0,,14680.899620056152
C5-C7-C15-C22-C24,10.109999775886536,11988,5382.96914100647,1335.9222412109375,5-7-15-22-24,11.995996,11942.156,58609.062,14677.324,"{'C5', 'C22', 'C15', 'C7', 'C24'}",C5-C7,11.659999936819077,4800.0,,12736.55891418457
C2-C4-C18-C20-C24,11.60999983549118,11975,4990.877389907837,1012.2518539428712,2-4-18-20-24,11.074438,11744.42,56284.68,14401.317,"{'C4', 'C20', 'C24', 'C2', 'C18'}",C2-C4,11.540000140666962,4790.0,,11675.539016723633
C4-C5-C6-C17-C25,16.850000619888306,11989,4992.246150970459,1018.3839797973632,4-5-6-17-25,11.979738,12059.903,62200.305,15702.731,"{'C5', 'C4', 'C25', 'C17', 'C6'}",C4-C5,19.169999659061432,4795.0,,12506.68454170227
C4-C5-C6-C17-C25,16.850000619888306,11989,4992.246150970459,1018.3839797973632,4-5-6-17-25,11.979738,12059.903,62200.305,15702.731,"{'C5', 'C4', 'C25', 'C17', 'C6'}",C4-C6,15.880000591278076,4792.0,,11017.77482032776
C4-C5-C6-C17-C25,16.850000619888306,11989,4992.246150970459,1018.3839797973632,4-5-6-17-25,11.979738,12059.903,62200.305,15702.731,"{'C5', 'C4', 'C25', 'C17', 'C6'}",C5-C6,8.250000327825546,4797.0,,12506.68454170227
C4-C5-C6-C17-C25,16.850000619888306,11989,4992.246150970459,1018.3839797973632,4-5-6-17-25,11.979738,12059.903,62200.305,15702.731,"{'C5', 'C4', 'C25', 'C17', 'C6'}",C4-C5-C6,12.0899997651577,7192.0,,12506.68454170227
C1-C9-C10-C15-C17,9.98999997973442,11995,5462.872266769409,1426.8403053283691,1-9-10-15-17,12.336028,12179.858,64006.79,15946.395,"{'C1', 'C15', 'C9', 'C17', 'C10'}",C1-C9,18.320000171661377,4800.0,,15963.633060455322
C1-C9-C10-C15-C17,9.98999997973442,11995,5462.872266769409,1426.8403053283691,1-9-10-15-17,12.336028,12179.858,64006.79,15946.395,"{'C1', 'C15', 'C9', 'C17', 'C10'}",C1-C10,13.760000467300417,4793.0,,11987.98441886902
C1-C9-C10-C15-C17,9.98999997973442,11995,5462.872266769409,1426.8403053283691,1-9-10-15-17,12.336028,12179.858,64006.79,15946.395,"{'C1', 'C15', 'C9', 'C17', 'C10'}",C9-C10,18.41000020503997,4793.0,,15963.633060455322
C1-C9-C10-C15-C17,9.98999997973442,11995,5462.872266769409,1426.8403053283691,1-9-10-15-17,12.336028,12179.858,64006.79,15946.395,"{'C1', 'C15', 'C9', 'C17', 'C10'}",C1-C9-C10,10.62999963760376,7193.0,,15963.633060455322
C9-C10-C15-C17-C25,10.849999636411669,11995,5045.769929885864,1041.377305984497,9-10-15-17-25,12.721662,11998.98,64135.05,15309.836,"{'C25', 'C15', 'C9', 'C17', 'C10'}",C9-C10,18.41000020503997,4793.0,,15963.633060455322
C4-C8-C15-C16-C24,11.640000343322754,11980,5075.413942337036,1025.9218215942385,4-8-15-16-24,13.303544,11524.636,61757.85,15818.158,"{'C4', 'C8', 'C15', 'C16', 'C24'}",C4-C8,10.490000247955322,4791.0,,14680.899620056152
C1-C10-C21-C22-C23,9.369999915361404,11989,5121.031999588013,1030.6260585784912,1-10-21-22-23,12.560142,11994.015,61180.965,14796.11,"{'C1', 'C23', 'C22', 'C21', 'C10'}",C1-C10,13.760000467300417,4793.0,,11987.98441886902
C1-C5-C18-C24-C25,10.980000346899033,11988,5565.12451171875,1515.0961875915527,1-5-18-24-25,12.073347,12084.922,60625.523,15226.122,"{'C5', 'C25', 'C1', 'C24', 'C18'}",C1-C5,15.35000056028366,4800.0,,12506.68454170227
C5-C7-C9-C17-C18,12.120000272989271,11994,4940.26780128479,997.312068939209,5-7-9-17-18,12.5189085,12399.525,65507.4,16023.942,"{'C5', 'C7', 'C9', 'C17', 'C18'}",C5-C7,11.659999936819077,4800.0,,12736.55891418457
C5-C7-C9-C17-C18,12.120000272989271,11994,4940.26780128479,997.312068939209,5-7-9-17-18,12.5189085,12399.525,65507.4,16023.942,"{'C5', 'C7', 'C9', 'C17', 'C18'}",C5-C9,16.840000450611115,4800.0,,15963.633060455322
C5-C7-C9-C17-C18,12.120000272989271,11994,4940.26780128479,997.312068939209,5-7-9-17-18,12.5189085,12399.525,65507.4,16023.942,"{'C5', 'C7', 'C9', 'C17', 'C18'}",C7-C9,13.169999420642853,4800.0,,15963.633060455322
C5-C7-C9-C17-C18,12.120000272989271,11994,4940.26780128479,997.312068939209,5-7-9-17-18,12.5189085,12399.525,65507.4,16023.942,"{'C5', 'C7', 'C9', 'C17', 'C18'}",C5-C7-C9,15.89999943971634,7200.0,,15963.633060455322
C4-C8-C17-C23-C24,11.37000024318695,11985,5002.418756484985,1017.9061889648438,4-8-17-23-24,12.68016,11629.186,61406.824,15803.953,"{'C4', 'C8', 'C23', 'C24', 'C17'}",C4-C8,10.490000247955322,4791.0,,14680.899620056152
C1-C8-C10-C15-C25,9.17000025510788,11991,4980.399370193481,1009.2992782592772,1-8-10-15-25,12.709182,11792.261,65262.363,16470.559,"{'C25', 'C8', 'C1', 'C15', 'C10'}",C1-C8,10.289999842643738,4796.0,,14680.899620056152
C1-C8-C10-C15-C25,9.17000025510788,11991,4980.399370193481,1009.2992782592772,1-8-10-15-25,12.709182,11792.261,65262.363,16470.559,"{'C25', 'C8', 'C1', 'C15', 'C10'}",C1-C10,13.760000467300417,4793.0,,11987.98441886902
C1-C8-C10-C15-C25,9.17000025510788,11991,4980.399370193481,1009.2992782592772,1-8-10-15-25,12.709182,11792.261,65262.363,16470.559,"{'C25', 'C8', 'C1', 'C15', 'C10'}",C8-C10,13.619999587535858,4789.0,,14680.899620056152
C1-C8-C10-C15-C25,9.17000025510788,11991,4980.399370193481,1009.2992782592772,1-8-10-15-25,12.709182,11792.261,65262.363,16470.559,"{'C25', 'C8', 'C1', 'C15', 'C10'}",C1-C8-C10,10.270000249147415,7189.0,,14680.899620056152
C1-C3-C10-C19-C20,11.749999970197678,11992,5550.343036651611,1547.8122234344482,1-3-10-19-20,12.502417,11677.602,58169.83,14675.256,"{'C1', 'C20', 'C3', 'C10', 'C19'}",C1-C3,18.69000047445297,4800.0,,11987.98441886902
C1-C3-C10-C19-C20,11.749999970197678,11992,5550.343036651611,1547.8122234344482,1-3-10-19-20,12.502417,11677.602,58169.83,14675.256,"{'C1', 'C20', 'C3', 'C10', 'C19'}",C1-C10,13.760000467300417,4793.0,,11987.98441886902
C1-C3-C10-C19-C20,11.749999970197678,11992,5550.343036651611,1547.8122234344482,1-3-10-19-20,12.502417,11677.602,58169.83,14675.256,"{'C1', 'C20', 'C3', 'C10', 'C19'}",C3-C10,25.42000114917755,4793.0,,9668.248653411863
C1-C3-C10-C19-C20,11.749999970197678,11992,5550.343036651611,1547.8122234344482,1-3-10-19-20,12.502417,11677.602,58169.83,14675.256,"{'C1', 'C20', 'C3', 'C10', 'C19'}",C1-C3-C10,18.950000405311584,7193.0,,11987.98441886902
C1-C3-C15-C16-C21,8.810000121593475,11995,4954.86307144165,1004.0199756622314,1-3-15-16-21,13.303677,12143.844,61610.83,15137.636,"{'C1', 'C15', 'C16', 'C21', 'C3'}",C1-C3,18.69000047445297,4800.0,,11987.98441886902
C1-C2-C10-C15-C25,9.17000025510788,11990,4923.410415649414,998.4731674194336,1-2-10-15-25,12.148317,11823.9795,62265.06,15047.772,"{'C25', 'C1', 'C15', 'C2', 'C10'}",C1-C2,10.409999638795853,4795.0,,11987.98441886902
C1-C2-C10-C15-C25,9.17000025510788,11990,4923.410415649414,998.4731674194336,1-2-10-15-25,12.148317,11823.9795,62265.06,15047.772,"{'C25', 'C1', 'C15', 'C2', 'C10'}",C1-C10,13.760000467300417,4793.0,,11987.98441886902
C1-C2-C10-C15-C25,9.17000025510788,11990,4923.410415649414,998.4731674194336,1-2-10-15-25,12.148317,11823.9795,62265.06,15047.772,"{'C25', 'C1', 'C15', 'C2', 'C10'}",C2-C10,9.97999981045723,4788.0,,11675.539016723633
C1-C2-C10-C15-C25,9.17000025510788,11990,4923.410415649414,998.4731674194336,1-2-10-15-25,12.148317,11823.9795,62265.06,15047.772,"{'C25', 'C1', 'C15', 'C2', 'C10'}",C1-C2-C10,11.180000007152556,7188.0,,11987.98441886902
C2-C3-C6-C22-C23,12.359999865293505,11983,4953.529119491577,997.1377849578856,2-3-6-22-23,11.447911,12073.663,59919.098,15206.711,"{'C23', 'C22', 'C2', 'C6', 'C3'}",C2-C3,18.240000307559967,4795.0,,11675.539016723633
C2-C3-C6-C22-C23,12.359999865293505,11983,4953.529119491577,997.1377849578856,2-3-6-22-23,11.447911,12073.663,59919.098,15206.711,"{'C23', 'C22', 'C2', 'C6', 'C3'}",C2-C6,11.12999990582466,4792.0,,11675.539016723633
C2-C3-C6-C22-C23,12.359999865293505,11983,4953.529119491577,997.1377849578856,2-3-6-22-23,11.447911,12073.663,59919.098,15206.711,"{'C23', 'C22', 'C2', 'C6', 'C3'}",C3-C6,13.979999721050262,4797.0,,11017.77482032776
C2-C3-C6-C22-C23,12.359999865293505,11983,4953.529119491577,997.1377849578856,2-3-6-22-23,11.447911,12073.663,59919.098,15206.711,"{'C23', 'C22', 'C2', 'C6', 'C3'}",C2-C3-C6,17.239999771118164,7192.0,,11675.539016723633
C9-C10-C15-C19-C25,9.790000319480896,11995,4970.04771232605,1006.30784034729,9-10-15-19-25,12.693591,12023.996,64496.777,15390.714,"{'C25', 'C15', 'C9', 'C10', 'C19'}",C9-C10,18.41000020503997,4793.0,,15963.633060455322
C2-C8-C9-C15-C18,9.98999997973442,11985,5026.3612270355225,1015.8491134643556,2-8-9-15-18,12.7149725,12203.784,68098.33,17026.203,"{'C8', 'C15', 'C9', 'C2', 'C18'}",C2-C8,17.29999929666519,4791.0,,14680.899620056152
C2-C8-C9-C15-C18,9.98999997973442,11985,5026.3612270355225,1015.8491134643556,2-8-9-15-18,12.7149725,12203.784,68098.33,17026.203,"{'C8', 'C15', 'C9', 'C2', 'C18'}",C2-C9,16.769999265670776,4795.0,,15963.633060455322
C2-C8-C9-C15-C18,9.98999997973442,11985,5026.3612270355225,1015.8491134643556,2-8-9-15-18,12.7149725,12203.784,68098.33,17026.203,"{'C8', 'C15', 'C9', 'C2', 'C18'}",C8-C9,23.98999929428101,4796.0,,15963.633060455322
C2-C8-C9-C15-C18,9.98999997973442,11985,5026.3612270355225,1015.8491134643556,2-8-9-15-18,12.7149725,12203.784,68098.33,17026.203,"{'C8', 'C15', 'C9', 'C2', 'C18'}",C2-C8-C9,12.370000034570694,7191.0,,15963.633060455322
C6-C9-C10-C20-C21,12.290000170469284,11986,4988.178014755249,1011.9359493255616,6-9-10-20-21,11.681948,12233.823,66345.07,16610.69,"{'C20', 'C21', 'C9', 'C6', 'C10'}",C6-C9,10.930000245571136,4797.0,,15963.633060455322
C6-C9-C10-C20-C21,12.290000170469284,11986,4988.178014755249,1011.9359493255616,6-9-10-20-21,11.681948,12233.823,66345.07,16610.69,"{'C20', 'C21', 'C9', 'C6', 'C10'}",C6-C10,10.260000079870224,4790.0,,11017.77482032776
C6-C9-C10-C20-C21,12.290000170469284,11986,4988.178014755249,1011.9359493255616,6-9-10-20-21,11.681948,12233.823,66345.07,16610.69,"{'C20', 'C21', 'C9', 'C6', 'C10'}",C9-C10,18.41000020503997,4793.0,,15963.633060455322
C6-C9-C10-C20-C21,12.290000170469284,11986,4988.178014755249,1011.9359493255616,6-9-10-20-21,11.681948,12233.823,66345.07,16610.69,"{'C20', 'C21', 'C9', 'C6', 'C10'}",C6-C9-C10,12.680000066757202,7190.0,,15963.633060455322
C4-C9-C10-C15-C23,9.25000011920929,11990,4994.095087051392,1008.0389976501464,4-9-10-15-23,12.141256,12072.35,63148.4,15960.796,"{'C4', 'C23', 'C15', 'C9', 'C10'}",C4-C9,13.680000603199003,4795.0,,15963.633060455322
C4-C9-C10-C15-C23,9.25000011920929,11990,4994.095087051392,1008.0389976501464,4-9-10-15-23,12.141256,12072.35,63148.4,15960.796,"{'C4', 'C23', 'C15', 'C9', 'C10'}",C4-C10,13.40000033378601,4788.0,,9668.248653411863
C4-C9-C10-C15-C23,9.25000011920929,11990,4994.095087051392,1008.0389976501464,4-9-10-15-23,12.141256,12072.35,63148.4,15960.796,"{'C4', 'C23', 'C15', 'C9', 'C10'}",C9-C10,18.41000020503997,4793.0,,15963.633060455322
C4-C9-C10-C15-C23,9.25000011920929,11990,4994.095087051392,1008.0389976501464,4-9-10-15-23,12.141256,12072.35,63148.4,15960.796,"{'C4', 'C23', 'C15', 'C9', 'C10'}",C4-C9-C10,11.339999735355375,7188.0,,15963.633060455322
C1-C6-C7-C24-C25,13.1400004029274,11988,4954.510688781738,1014.2257213592528,1-6-7-24-25,12.184216,11792.8125,61063.613,15658.489,"{'C25', 'C1', 'C7', 'C24', 'C6'}",C1-C6,18.950000405311584,4797.0,,11987.98441886902
C1-C6-C7-C24-C25,13.1400004029274,11988,4954.510688781738,1014.2257213592528,1-6-7-24-25,12.184216,11792.8125,61063.613,15658.489,"{'C25', 'C1', 'C7', 'C24', 'C6'}",C1-C7,12.0899997651577,4800.0,,12736.55891418457
C1-C6-C7-C24-C25,13.1400004029274,11988,4954.510688781738,1014.2257213592528,1-6-7-24-25,12.184216,11792.8125,61063.613,15658.489,"{'C25', 'C1', 'C7', 'C24', 'C6'}",C6-C7,12.720000743865969,4797.0,,12736.55891418457
C1-C6-C7-C24-C25,13.1400004029274,11988,4954.510688781738,1014.2257213592528,1-6-7-24-25,12.184216,11792.8125,61063.613,15658.489,"{'C25', 'C1', 'C7', 'C24', 'C6'}",C1-C6-C7,13.359999656677246,7197.0,,12736.55891418457
C4-C8-C15-C20-C25,11.720000207424164,11988,4923.666000366211,997.2043037414552,4-8-15-20-25,12.500222,12060.214,66563.17,17078.584,"{'C4', 'C25', 'C8', 'C20', 'C15'}",C4-C8,10.490000247955322,4791.0,,14680.899620056152
C5-C7-C9-C15-C22,10.199999809265137,11994,5697.953462600708,1761.8892192840576,5-7-9-15-22,12.826007,12467.357,66654.375,16402.033,"{'C5', 'C22', 'C15', 'C7', 'C9'}",C5-C7,11.659999936819077,4800.0,,12736.55891418457
C5-C7-C9-C15-C22,10.199999809265137,11994,5697.953462600708,1761.8892192840576,5-7-9-15-22,12.826007,12467.357,66654.375,16402.033,"{'C5', 'C22', 'C15', 'C7', 'C9'}",C5-C9,16.840000450611115,4800.0,,15963.633060455322
C5-C7-C9-C15-C22,10.199999809265137,11994,5697.953462600708,1761.8892192840576,5-7-9-15-22,12.826007,12467.357,66654.375,16402.033,"{'C5', 'C22', 'C15', 'C7', 'C9'}",C7-C9,13.169999420642853,4800.0,,15963.633060455322
C5-C7-C9-C15-C22,10.199999809265137,11994,5697.953462600708,1761.8892192840576,5-7-9-15-22,12.826007,12467.357,66654.375,16402.033,"{'C5', 'C22', 'C15', 'C7', 'C9'}",C5-C7-C9,15.89999943971634,7200.0,,15963.633060455322
C2-C3-C5-C15-C24,9.939999878406525,11989,4954.164743423462,997.9805946350098,2-3-5-15-24,11.981858,11744.881,57715.055,14634.51,"{'C5', 'C15', 'C24', 'C2', 'C3'}",C2-C3,18.240000307559967,4795.0,,11675.539016723633
C2-C3-C5-C15-C24,9.939999878406525,11989,4954.164743423462,997.9805946350098,2-3-5-15-24,11.981858,11744.881,57715.055,14634.51,"{'C5', 'C15', 'C24', 'C2', 'C3'}",C2-C5,12.02000007033348,4795.0,,12506.68454170227
C2-C3-C5-C15-C24,9.939999878406525,11989,4954.164743423462,997.9805946350098,2-3-5-15-24,11.981858,11744.881,57715.055,14634.51,"{'C5', 'C15', 'C24', 'C2', 'C3'}",C3-C5,18.039999902248383,4800.0,,12506.68454170227
C2-C3-C5-C15-C24,9.939999878406525,11989,4954.164743423462,997.9805946350098,2-3-5-15-24,11.981858,11744.881,57715.055,14634.51,"{'C5', 'C15', 'C24', 'C2', 'C3'}",C2-C3-C5,12.00999990105629,7195.0,,12506.68454170227
C1-C3-C6-C8-C9,9.300000220537186,11990,4922.441720962524,1009.6874237060548,1-3-6-8-9,12.4607,12142.683,62054.31,15659.659,"{'C8', 'C1', 'C9', 'C6', 'C3'}",C1-C3,18.69000047445297,4800.0,,11987.98441886902
C1-C3-C6-C8-C9,9.300000220537186,11990,4922.441720962524,1009.6874237060548,1-3-6-8-9,12.4607,12142.683,62054.31,15659.659,"{'C8', 'C1', 'C9', 'C6', 'C3'}",C1-C6,18.950000405311584,4797.0,,11987.98441886902
C1-C3-C6-C8-C9,9.300000220537186,11990,4922.441720962524,1009.6874237060548,1-3-6-8-9,12.4607,12142.683,62054.31,15659.659,"{'C8', 'C1', 'C9', 'C6', 'C3'}",C1-C8,10.289999842643738,4796.0,,14680.899620056152
C1-C3-C6-C8-C9,9.300000220537186,11990,4922.441720962524,1009.6874237060548,1-3-6-8-9,12.4607,12142.683,62054.31,15659.659,"{'C8', 'C1', 'C9', 'C6', 'C3'}",C1-C9,18.320000171661377,4800.0,,15963.633060455322
C1-C3-C6-C8-C9,9.300000220537186,11990,4922.441720962524,1009.6874237060548,1-3-6-8-9,12.4607,12142.683,62054.31,15659.659,"{'C8', 'C1', 'C9', 'C6', 'C3'}",C3-C6,13.979999721050262,4797.0,,11017.77482032776
C1-C3-C6-C8-C9,9.300000220537186,11990,4922.441720962524,1009.6874237060548,1-3-6-8-9,12.4607,12142.683,62054.31,15659.659,"{'C8', 'C1', 'C9', 'C6', 'C3'}",C3-C8,13.48000019788742,4796.0,,14680.899620056152
C1-C3-C6-C8-C9,9.300000220537186,11990,4922.441720962524,1009.6874237060548,1-3-6-8-9,12.4607,12142.683,62054.31,15659.659,"{'C8', 'C1', 'C9', 'C6', 'C3'}",C3-C9,9.950000047683716,4800.0,,15963.633060455322
C1-C3-C6-C8-C9,9.300000220537186,11990,4922.441720962524,1009.6874237060548,1-3-6-8-9,12.4607,12142.683,62054.31,15659.659,"{'C8', 'C1', 'C9', 'C6', 'C3'}",C6-C8,15.440000593662262,4793.0,,14680.899620056152
C1-C3-C6-C8-C9,9.300000220537186,11990,4922.441720962524,1009.6874237060548,1-3-6-8-9,12.4607,12142.683,62054.31,15659.659,"{'C8', 'C1', 'C9', 'C6', 'C3'}",C6-C9,10.930000245571136,4797.0,,15963.633060455322
C1-C3-C6-C8-C9,9.300000220537186,11990,4922.441720962524,1009.6874237060548,1-3-6-8-9,12.4607,12142.683,62054.31,15659.659,"{'C8', 'C1', 'C9', 'C6', 'C3'}",C8-C9,23.98999929428101,4796.0,,15963.633060455322
C1-C3-C6-C8-C9,9.300000220537186,11990,4922.441720962524,1009.6874237060548,1-3-6-8-9,12.4607,12142.683,62054.31,15659.659,"{'C8', 'C1', 'C9', 'C6', 'C3'}",C1-C3-C6,17.87000000476837,7197.0,,11987.98441886902
C1-C3-C6-C8-C9,9.300000220537186,11990,4922.441720962524,1009.6874237060548,1-3-6-8-9,12.4607,12142.683,62054.31,15659.659,"{'C8', 'C1', 'C9', 'C6', 'C3'}",C1-C3-C8,12.229999899864197,7196.0,,14680.899620056152
C1-C3-C6-C8-C9,9.300000220537186,11990,4922.441720962524,1009.6874237060548,1-3-6-8-9,12.4607,12142.683,62054.31,15659.659,"{'C8', 'C1', 'C9', 'C6', 'C3'}",C1-C3-C9,14.12000060081482,7200.0,,15963.633060455322
C1-C3-C6-C8-C9,9.300000220537186,11990,4922.441720962524,1009.6874237060548,1-3-6-8-9,12.4607,12142.683,62054.31,15659.659,"{'C8', 'C1', 'C9', 'C6', 'C3'}",C1-C6-C8,10.260000079870224,7193.0,,14680.899620056152
C1-C3-C6-C8-C9,9.300000220537186,11990,4922.441720962524,1009.6874237060548,1-3-6-8-9,12.4607,12142.683,62054.31,15659.659,"{'C8', 'C1', 'C9', 'C6', 'C3'}",C1-C6-C9,15.530000627040865,7197.0,,15963.633060455322
C1-C3-C6-C8-C9,9.300000220537186,11990,4922.441720962524,1009.6874237060548,1-3-6-8-9,12.4607,12142.683,62054.31,15659.659,"{'C8', 'C1', 'C9', 'C6', 'C3'}",C1-C8-C9,10.639999806880953,7196.0,,15963.633060455322
C1-C3-C6-C8-C9,9.300000220537186,11990,4922.441720962524,1009.6874237060548,1-3-6-8-9,12.4607,12142.683,62054.31,15659.659,"{'C8', 'C1', 'C9', 'C6', 'C3'}",C3-C6-C8,10.80000028014183,7193.0,,14680.899620056152
C1-C3-C6-C8-C9,9.300000220537186,11990,4922.441720962524,1009.6874237060548,1-3-6-8-9,12.4607,12142.683,62054.31,15659.659,"{'C8', 'C1', 'C9', 'C6', 'C3'}",C3-C6-C9,9.4200000166893,7197.0,,15963.633060455322
C1-C3-C6-C8-C9,9.300000220537186,11990,4922.441720962524,1009.6874237060548,1-3-6-8-9,12.4607,12142.683,62054.31,15659.659,"{'C8', 'C1', 'C9', 'C6', 'C3'}",C3-C8-C9,13.580000400543211,7196.0,,15963.633060455322
C1-C3-C6-C8-C9,9.300000220537186,11990,4922.441720962524,1009.6874237060548,1-3-6-8-9,12.4607,12142.683,62054.31,15659.659,"{'C8', 'C1', 'C9', 'C6', 'C3'}",C6-C8-C9,12.950000166893004,7193.0,,15963.633060455322
C8-C9-C10-C21-C22,11.100000143051147,11985,5096.218109130859,1065.8340454101562,8-9-10-21-22,12.629153,12544.745,69217.07,16838.037,"{'C8', 'C22', 'C21', 'C9', 'C10'}",C8-C9,23.98999929428101,4796.0,,15963.633060455322
C8-C9-C10-C21-C22,11.100000143051147,11985,5096.218109130859,1065.8340454101562,8-9-10-21-22,12.629153,12544.745,69217.07,16838.037,"{'C8', 'C22', 'C21', 'C9', 'C10'}",C8-C10,13.619999587535858,4789.0,,14680.899620056152
C8-C9-C10-C21-C22,11.100000143051147,11985,5096.218109130859,1065.8340454101562,8-9-10-21-22,12.629153,12544.745,69217.07,16838.037,"{'C8', 'C22', 'C21', 'C9', 'C10'}",C9-C10,18.41000020503997,4793.0,,15963.633060455322
C8-C9-C10-C21-C22,11.100000143051147,11985,5096.218109130859,1065.8340454101562,8-9-10-21-22,12.629153,12544.745,69217.07,16838.037,"{'C8', 'C22', 'C21', 'C9', 'C10'}",C8-C9-C10,12.00999990105629,7189.0,,15963.633060455322
C2-C4-C9-C17-C21,12.349999696016312,11990,5086.798906326294,1055.0777912139893,2-4-9-17-21,11.34294,11956.927,60909.168,15458.315,"{'C4', 'C21', 'C17', 'C9', 'C2'}",C2-C4,11.540000140666962,4790.0,,11675.539016723633
C2-C4-C9-C17-C21,12.349999696016312,11990,5086.798906326294,1055.0777912139893,2-4-9-17-21,11.34294,11956.927,60909.168,15458.315,"{'C4', 'C21', 'C17', 'C9', 'C2'}",C2-C9,16.769999265670776,4795.0,,15963.633060455322
C2-C4-C9-C17-C21,12.349999696016312,11990,5086.798906326294,1055.0777912139893,2-4-9-17-21,11.34294,11956.927,60909.168,15458.315,"{'C4', 'C21', 'C17', 'C9', 'C2'}",C4-C9,13.680000603199003,4795.0,,15963.633060455322
C2-C4-C9-C17-C21,12.349999696016312,11990,5086.798906326294,1055.0777912139893,2-4-9-17-21,11.34294,11956.927,60909.168,15458.315,"{'C4', 'C21', 'C17', 'C9', 'C2'}",C2-C4-C9,11.490000039339066,7190.0,,15963.633060455322
C3-C5-C15-C18-C20,13.79999965429306,11991,5374.4752407073975,1190.568208694458,3-5-15-18-20,12.673151,11666.273,57820.95,14697.437,"{'C5', 'C20', 'C15', 'C3', 'C18'}",C3-C5,18.039999902248383,4800.0,,12506.68454170227
C2-C3-C6-C16-C23,8.540000021457672,11984,5755.488634109497,1182.1434497833252,2-3-6-16-23,12.336658,11897.824,60342.164,15211.107,"{'C23', 'C16', 'C2', 'C6', 'C3'}",C2-C3,18.240000307559967,4795.0,,11675.539016723633
C2-C3-C6-C16-C23,8.540000021457672,11984,5755.488634109497,1182.1434497833252,2-3-6-16-23,12.336658,11897.824,60342.164,15211.107,"{'C23', 'C16', 'C2', 'C6', 'C3'}",C2-C6,11.12999990582466,4792.0,,11675.539016723633
C2-C3-C6-C16-C23,8.540000021457672,11984,5755.488634109497,1182.1434497833252,2-3-6-16-23,12.336658,11897.824,60342.164,15211.107,"{'C23', 'C16', 'C2', 'C6', 'C3'}",C3-C6,13.979999721050262,4797.0,,11017.77482032776
C2-C3-C6-C16-C23,8.540000021457672,11984,5755.488634109497,1182.1434497833252,2-3-6-16-23,12.336658,11897.824,60342.164,15211.107,"{'C23', 'C16', 'C2', 'C6', 'C3'}",C2-C3-C6,17.239999771118164,7192.0,,11675.539016723633
C5-C7-C9-C19-C20,11.389999836683272,11997,6081.51912689209,1225.0053882598877,5-7-9-19-20,11.922737,12007.605,61452.23,15437.334,"{'C5', 'C20', 'C7', 'C9', 'C19'}",C5-C7,11.659999936819077,4800.0,,12736.55891418457
C5-C7-C9-C19-C20,11.389999836683272,11997,6081.51912689209,1225.0053882598877,5-7-9-19-20,11.922737,12007.605,61452.23,15437.334,"{'C5', 'C20', 'C7', 'C9', 'C19'}",C5-C9,16.840000450611115,4800.0,,15963.633060455322
C5-C7-C9-C19-C20,11.389999836683272,11997,6081.51912689209,1225.0053882598877,5-7-9-19-20,11.922737,12007.605,61452.23,15437.334,"{'C5', 'C20', 'C7', 'C9', 'C19'}",C7-C9,13.169999420642853,4800.0,,15963.633060455322
C5-C7-C9-C19-C20,11.389999836683272,11997,6081.51912689209,1225.0053882598877,5-7-9-19-20,11.922737,12007.605,61452.23,15437.334,"{'C5', 'C20', 'C7', 'C9', 'C19'}",C5-C7-C9,15.89999943971634,7200.0,,15963.633060455322
C3-C5-C7-C18-C20,13.529999554157255,11991,5573.547840118408,1158.6027145385742,3-5-7-18-20,12.703088,11646.673,57690.5,14760.1045,"{'C5', 'C20', 'C7', 'C3', 'C18'}",C3-C5,18.039999902248383,4800.0,,12506.68454170227
C3-C5-C7-C18-C20,13.529999554157255,11991,5573.547840118408,1158.6027145385742,3-5-7-18-20,12.703088,11646.673,57690.5,14760.1045,"{'C5', 'C20', 'C7', 'C3', 'C18'}",C3-C7,14.949999749660492,4800.0,,12736.55891418457
C3-C5-C7-C18-C20,13.529999554157255,11991,5573.547840118408,1158.6027145385742,3-5-7-18-20,12.703088,11646.673,57690.5,14760.1045,"{'C5', 'C20', 'C7', 'C3', 'C18'}",C5-C7,11.659999936819077,4800.0,,12736.55891418457
C3-C5-C7-C18-C20,13.529999554157255,11991,5573.547840118408,1158.6027145385742,3-5-7-18-20,12.703088,11646.673,57690.5,14760.1045,"{'C5', 'C20', 'C7', 'C3', 'C18'}",C3-C5-C7,15.790000557899477,7200.0,,12736.55891418457
C6-C9-C15-C16-C25,11.789999902248384,11989,5429.603338241577,1122.8950023651123,6-9-15-16-25,12.392069,12354.732,66092.65,16435.014,"{'C25', 'C15', 'C16', 'C9', 'C6'}",C6-C9,10.930000245571136,4797.0,,15963.633060455322
C3-C4-C8-C19-C23,11.659999936819077,11991,5613.129138946533,1240.5641078948977,3-4-8-19-23,12.107237,12003.251,61554.23,15810.818,"{'C4', 'C8', 'C23', 'C3', 'C19'}",C3-C4,9.679999947547913,4795.0,,9391.66235923767
C3-C4-C8-C19-C23,11.659999936819077,11991,5613.129138946533,1240.5641078948977,3-4-8-19-23,12.107237,12003.251,61554.23,15810.818,"{'C4', 'C8', 'C23', 'C3', 'C19'}",C3-C8,13.48000019788742,4796.0,,14680.899620056152
C3-C4-C8-C19-C23,11.659999936819077,11991,5613.129138946533,1240.5641078948977,3-4-8-19-23,12.107237,12003.251,61554.23,15810.818,"{'C4', 'C8', 'C23', 'C3', 'C19'}",C4-C8,10.490000247955322,4791.0,,14680.899620056152
C3-C4-C8-C19-C23,11.659999936819077,11991,5613.129138946533,1240.5641078948977,3-4-8-19-23,12.107237,12003.251,61554.23,15810.818,"{'C4', 'C8', 'C23', 'C3', 'C19'}",C3-C4-C8,10.740000009536743,7191.0,,14680.899620056152
C2-C4-C5-C19-C20,11.620000004768372,11987,5587.894201278687,1202.7325630187988,2-4-5-19-20,11.155934,11675.213,58183.35,15023.211,"{'C5', 'C4', 'C20', 'C2', 'C19'}",C2-C4,11.540000140666962,4790.0,,11675.539016723633
C2-C4-C5-C19-C20,11.620000004768372,11987,5587.894201278687,1202.7325630187988,2-4-5-19-20,11.155934,11675.213,58183.35,15023.211,"{'C5', 'C4', 'C20', 'C2', 'C19'}",C2-C5,12.02000007033348,4795.0,,12506.68454170227
C2-C4-C5-C19-C20,11.620000004768372,11987,5587.894201278687,1202.7325630187988,2-4-5-19-20,11.155934,11675.213,58183.35,15023.211,"{'C5', 'C4', 'C20', 'C2', 'C19'}",C4-C5,19.169999659061432,4795.0,,12506.68454170227
C2-C4-C5-C19-C20,11.620000004768372,11987,5587.894201278687,1202.7325630187988,2-4-5-19-20,11.155934,11675.213,58183.35,15023.211,"{'C5', 'C4', 'C20', 'C2', 'C19'}",C2-C4-C5,11.93000003695488,7190.0,,12506.68454170227
C2-C4-C16-C20-C25,8.290000259876251,11982,5636.658430099487,1158.0479145050049,2-4-16-20-25,11.14793,12059.319,61943.418,15699.185,"{'C4', 'C25', 'C20', 'C16', 'C2'}",C2-C4,11.540000140666962,4790.0,,11675.539016723633
C5-C10-C17-C22-C25,13.050000369548798,11989,5792.712211608887,1229.9244403839111,5-10-17-22-25,12.187435,12001.613,61503.36,14892.6455,"{'C5', 'C25', 'C22', 'C17', 'C10'}",C5-C10,23.109999299049377,4793.0,,12506.68454170227
C1-C4-C16-C24-C25,9.009999781847,11984,6844.731569290161,2284.9764823913574,1-4-16-24-25,11.818455,11833.382,59590.055,15285.264,"{'C4', 'C25', 'C1', 'C16', 'C24'}",C1-C4,11.429999768733978,4795.0,,11987.98441886902
C4-C8-C15-C16-C25,11.349999904632568,11986,5974.886178970337,1245.4941272735596,4-8-15-16-25,13.105523,11877.493,65306.44,16524.71,"{'C4', 'C25', 'C8', 'C15', 'C16'}",C4-C8,10.490000247955322,4791.0,,14680.899620056152
C2-C8-C15-C16-C22,9.799999743700027,11980,6051.692485809326,1248.581886291504,2-8-15-16-22,13.132132,12055.929,67786.82,16960.418,"{'C8', 'C22', 'C15', 'C16', 'C2'}",C2-C8,17.29999929666519,4791.0,,14680.899620056152
C8-C9-C10-C18-C23,10.769999772310255,11985,6149.14345741272,1264.859914779663,8-9-10-18-23,12.748898,11931.178,65182.57,15969.143,"{'C8', 'C23', 'C9', 'C10', 'C18'}",C8-C9,23.98999929428101,4796.0,,15963.633060455322
C8-C9-C10-C18-C23,10.769999772310255,11985,6149.14345741272,1264.859914779663,8-9-10-18-23,12.748898,11931.178,65182.57,15969.143,"{'C8', 'C23', 'C9', 'C10', 'C18'}",C8-C10,13.619999587535858,4789.0,,14680.899620056152
C8-C9-C10-C18-C23,10.769999772310255,11985,6149.14345741272,1264.859914779663,8-9-10-18-23,12.748898,11931.178,65182.57,15969.143,"{'C8', 'C23', 'C9', 'C10', 'C18'}",C9-C10,18.41000020503997,4793.0,,15963.633060455322
C8-C9-C10-C18-C23,10.769999772310255,11985,6149.14345741272,1264.859914779663,8-9-10-18-23,12.748898,11931.178,65182.57,15969.143,"{'C8', 'C23', 'C9', 'C10', 'C18'}",C8-C9-C10,12.00999990105629,7189.0,,15963.633060455322
C4-C6-C9-C20-C22,9.98999997973442,11980,5943.64595413208,1220.973014831543,4-6-9-20-22,12.265139,12304.827,65503.28,16466.178,"{'C4', 'C20', 'C22', 'C9', 'C6'}",C4-C6,15.880000591278076,4792.0,,11017.77482032776
C4-C6-C9-C20-C22,9.98999997973442,11980,5943.64595413208,1220.973014831543,4-6-9-20-22,12.265139,12304.827,65503.28,16466.178,"{'C4', 'C20', 'C22', 'C9', 'C6'}",C4-C9,13.680000603199003,4795.0,,15963.633060455322
C4-C6-C9-C20-C22,9.98999997973442,11980,5943.64595413208,1220.973014831543,4-6-9-20-22,12.265139,12304.827,65503.28,16466.178,"{'C4', 'C20', 'C22', 'C9', 'C6'}",C6-C9,10.930000245571136,4797.0,,15963.633060455322
C4-C6-C9-C20-C22,9.98999997973442,11980,5943.64595413208,1220.973014831543,4-6-9-20-22,12.265139,12304.827,65503.28,16466.178,"{'C4', 'C20', 'C22', 'C9', 'C6'}",C4-C6-C9,12.89999932050705,7192.0,,15963.633060455322
C4-C6-C16-C20-C23,12.669999897480013,11981,5758.373022079468,1182.5528144836426,4-6-16-20-23,11.513354,11935.452,62214.69,15904.319,"{'C4', 'C20', 'C23', 'C16', 'C6'}",C4-C6,15.880000591278076,4792.0,,11017.77482032776
C4-C6-C18-C20-C25,11.720000207424164,11980,5897.36533164978,1221.2376594543457,4-6-18-20-25,11.457582,11933.862,61767.04,15718.464,"{'C4', 'C25', 'C20', 'C6', 'C18'}",C4-C6,15.880000591278076,4792.0,,11017.77482032776
C7-C8-C10-C15-C18,16.840000450611115,11985,6066.883087158203,1274.2314338684082,7-8-10-15-18,13.019703,12009.304,66491.53,16565.43,"{'C8', 'C15', 'C7', 'C10', 'C18'}",C7-C8,17.03999936580658,4796.0,,14680.899620056152
C7-C8-C10-C15-C18,16.840000450611115,11985,6066.883087158203,1274.2314338684082,7-8-10-15-18,13.019703,12009.304,66491.53,16565.43,"{'C8', 'C15', 'C7', 'C10', 'C18'}",C7-C10,13.179999589920044,4793.0,,12736.55891418457
C7-C8-C10-C15-C18,16.840000450611115,11985,6066.883087158203,1274.2314338684082,7-8-10-15-18,13.019703,12009.304,66491.53,16565.43,"{'C8', 'C15', 'C7', 'C10', 'C18'}",C8-C10,13.619999587535858,4789.0,,14680.899620056152
C7-C8-C10-C15-C18,16.840000450611115,11985,6066.883087158203,1274.2314338684082,7-8-10-15-18,13.019703,12009.304,66491.53,16565.43,"{'C8', 'C15', 'C7', 'C10', 'C18'}",C7-C8-C10,17.159999907016754,7189.0,,14680.899620056152
C7-C10-C16-C20-C24,11.559999734163284,11981,6329.57649230957,1406.1293601989746,7-10-16-20-24,12.437872,11545.435,60196.504,14880.382,"{'C20', 'C7', 'C16', 'C24', 'C10'}",C7-C10,13.179999589920044,4793.0,,12736.55891418457
C4-C10-C15-C16-C25,11.60999983549118,11985,7410.566806793213,2596.268892288208,4-10-15-16-25,13.1750145,11670.37,61775.86,15100.483,"{'C4', 'C25', 'C15', 'C16', 'C10'}",C4-C10,13.40000033378601,4788.0,,9668.248653411863
C1-C5-C9-C15-C24,9.25000011920929,11994,5633.5883140563965,1264.9121284484863,1-5-9-15-24,12.534182,11966.628,60591.65,15086.913,"{'C5', 'C1', 'C15', 'C24', 'C9'}",C1-C5,15.35000056028366,4800.0,,12506.68454170227
C1-C5-C9-C15-C24,9.25000011920929,11994,5633.5883140563965,1264.9121284484863,1-5-9-15-24,12.534182,11966.628,60591.65,15086.913,"{'C5', 'C1', 'C15', 'C24', 'C9'}",C1-C9,18.320000171661377,4800.0,,15963.633060455322
C1-C5-C9-C15-C24,9.25000011920929,11994,5633.5883140563965,1264.9121284484863,1-5-9-15-24,12.534182,11966.628,60591.65,15086.913,"{'C5', 'C1', 'C15', 'C24', 'C9'}",C5-C9,16.840000450611115,4800.0,,15963.633060455322
C1-C5-C9-C15-C24,9.25000011920929,11994,5633.5883140563965,1264.9121284484863,1-5-9-15-24,12.534182,11966.628,60591.65,15086.913,"{'C5', 'C1', 'C15', 'C24', 'C9'}",C1-C5-C9,17.45000034570694,7200.0,,15963.633060455322
C3-C5-C8-C23-C24,15.90999960899353,11990,5923.298597335815,1230.0729751586914,3-5-8-23-24,12.414376,11731.528,60306.5,15457.826,"{'C5', 'C8', 'C23', 'C24', 'C3'}",C3-C5,18.039999902248383,4800.0,,12506.68454170227
C3-C5-C8-C23-C24,15.90999960899353,11990,5923.298597335815,1230.0729751586914,3-5-8-23-24,12.414376,11731.528,60306.5,15457.826,"{'C5', 'C8', 'C23', 'C24', 'C3'}",C3-C8,13.48000019788742,4796.0,,14680.899620056152
C3-C5-C8-C23-C24,15.90999960899353,11990,5923.298597335815,1230.0729751586914,3-5-8-23-24,12.414376,11731.528,60306.5,15457.826,"{'C5', 'C8', 'C23', 'C24', 'C3'}",C5-C8,20.430000126361847,4796.0,,14680.899620056152
C3-C5-C8-C23-C24,15.90999960899353,11990,5923.298597335815,1230.0729751586914,3-5-8-23-24,12.414376,11731.528,60306.5,15457.826,"{'C5', 'C8', 'C23', 'C24', 'C3'}",C3-C5-C8,11.389999836683272,7196.0,,14680.899620056152
C2-C3-C10-C17-C20,12.81999945640564,11987,6239.803791046143,1290.8480167388916,2-3-10-17-20,11.728793,11549.423,57430.29,14707.384,"{'C20', 'C17', 'C2', 'C3', 'C10'}",C2-C3,18.240000307559967,4795.0,,11675.539016723633
C2-C3-C10-C17-C20,12.81999945640564,11987,6239.803791046143,1290.8480167388916,2-3-10-17-20,11.728793,11549.423,57430.29,14707.384,"{'C20', 'C17', 'C2', 'C3', 'C10'}",C2-C10,9.97999981045723,4788.0,,11675.539016723633
C2-C3-C10-C17-C20,12.81999945640564,11987,6239.803791046143,1290.8480167388916,2-3-10-17-20,11.728793,11549.423,57430.29,14707.384,"{'C20', 'C17', 'C2', 'C3', 'C10'}",C3-C10,25.42000114917755,4793.0,,9668.248653411863
C2-C3-C10-C17-C20,12.81999945640564,11987,6239.803791046143,1290.8480167388916,2-3-10-17-20,11.728793,11549.423,57430.29,14707.384,"{'C20', 'C17', 'C2', 'C3', 'C10'}",C2-C3-C10,11.940000206232073,7188.0,,11675.539016723633
C3-C7-C8-C18-C19,11.349999904632568,11990,5902.291774749756,1239.992618560791,3-7-8-18-19,12.880291,11863.041,61757.08,15709.432,"{'C8', 'C7', 'C3', 'C19', 'C18'}",C3-C7,14.949999749660492,4800.0,,12736.55891418457
C3-C7-C8-C18-C19,11.349999904632568,11990,5902.291774749756,1239.992618560791,3-7-8-18-19,12.880291,11863.041,61757.08,15709.432,"{'C8', 'C7', 'C3', 'C19', 'C18'}",C3-C8,13.48000019788742,4796.0,,14680.899620056152
C3-C7-C8-C18-C19,11.349999904632568,11990,5902.291774749756,1239.992618560791,3-7-8-18-19,12.880291,11863.041,61757.08,15709.432,"{'C8', 'C7', 'C3', 'C19', 'C18'}",C7-C8,17.03999936580658,4796.0,,14680.899620056152
C3-C7-C8-C18-C19,11.349999904632568,11990,5902.291774749756,1239.992618560791,3-7-8-18-19,12.880291,11863.041,61757.08,15709.432,"{'C8', 'C7', 'C3', 'C19', 'C18'}",C3-C7-C8,13.580000400543211,7196.0,,14680.899620056152
C5-C10-C17-C23-C24,13.680000603199003,11989,6112.100839614868,1258.1663131713867,5-10-17-23-24,12.775978,11668.075,58347.527,14166.615,"{'C5', 'C23', 'C24', 'C17', 'C10'}",C5-C10,23.109999299049377,4793.0,,12506.68454170227
C1-C3-C4-C16-C19,8.659999817609787,11990,5816.118240356445,1233.267068862915,1-3-4-16-19,13.208092,12274.183,60618.438,14853.413,"{'C4', 'C1', 'C16', 'C3', 'C19'}",C1-C3,18.69000047445297,4800.0,,11987.98441886902
C1-C3-C4-C16-C19,8.659999817609787,11990,5816.118240356445,1233.267068862915,1-3-4-16-19,13.208092,12274.183,60618.438,14853.413,"{'C4', 'C1', 'C16', 'C3', 'C19'}",C1-C4,11.429999768733978,4795.0,,11987.98441886902
C1-C3-C4-C16-C19,8.659999817609787,11990,5816.118240356445,1233.267068862915,1-3-4-16-19,13.208092,12274.183,60618.438,14853.413,"{'C4', 'C1', 'C16', 'C3', 'C19'}",C3-C4,9.679999947547913,4795.0,,9391.66235923767
C1-C3-C4-C16-C19,8.659999817609787,11990,5816.118240356445,1233.267068862915,1-3-4-16-19,13.208092,12274.183,60618.438,14853.413,"{'C4', 'C1', 'C16', 'C3', 'C19'}",C1-C3-C4,16.300000250339508,7195.0,,11987.98441886902
C1-C4-C6-C18-C21,9.25000011920929,11983,5528.955221176148,1145.3979015350342,1-4-6-18-21,12.418492,11776.887,57793.105,14717.111,"{'C4', 'C1', 'C21', 'C6', 'C18'}",C1-C4,11.429999768733978,4795.0,,11987.98441886902
C1-C4-C6-C18-C21,9.25000011920929,11983,5528.955221176148,1145.3979015350342,1-4-6-18-21,12.418492,11776.887,57793.105,14717.111,"{'C4', 'C1', 'C21', 'C6', 'C18'}",C1-C6,18.950000405311584,4797.0,,11987.98441886902
C1-C4-C6-C18-C21,9.25000011920929,11983,5528.955221176148,1145.3979015350342,1-4-6-18-21,12.418492,11776.887,57793.105,14717.111,"{'C4', 'C1', 'C21', 'C6', 'C18'}",C4-C6,15.880000591278076,4792.0,,11017.77482032776
C1-C4-C6-C18-C21,9.25000011920929,11983,5528.955221176148,1145.3979015350342,1-4-6-18-21,12.418492,11776.887,57793.105,14717.111,"{'C4', 'C1', 'C21', 'C6', 'C18'}",C1-C4-C6,11.010000109672546,7192.0,,11987.98441886902
C5-C7-C20-C22-C23,11.52999997138977,11991,5674.131631851196,1182.6529502868652,5-7-20-22-23,11.743726,11969.709,61143.875,15532.636,"{'C5', 'C20', 'C22', 'C23', 'C7'}",C5-C7,11.659999936819077,4800.0,,12736.55891418457
C1-C2-C9-C17-C24,8.789999783039093,11989,6085.239887237549,1242.859125137329,1-2-9-17-24,12.398705,11818.356,59390.02,14394.773,"{'C1', 'C24', 'C17', 'C9', 'C2'}",C1-C2,10.409999638795853,4795.0,,11987.98441886902
C1-C2-C9-C17-C24,8.789999783039093,11989,6085.239887237549,1242.859125137329,1-2-9-17-24,12.398705,11818.356,59390.02,14394.773,"{'C1', 'C24', 'C17', 'C9', 'C2'}",C1-C9,18.320000171661377,4800.0,,15963.633060455322
C1-C2-C9-C17-C24,8.789999783039093,11989,6085.239887237549,1242.859125137329,1-2-9-17-24,12.398705,11818.356,59390.02,14394.773,"{'C1', 'C24', 'C17', 'C9', 'C2'}",C2-C9,16.769999265670776,4795.0,,15963.633060455322
C1-C2-C9-C17-C24,8.789999783039093,11989,6085.239887237549,1242.859125137329,1-2-9-17-24,12.398705,11818.356,59390.02,14394.773,"{'C1', 'C24', 'C17', 'C9', 'C2'}",C1-C2-C9,15.870000422000883,7195.0,,15963.633060455322
C2-C7-C21-C22-C24,11.52999997138977,11983,7486.620664596558,2901.7868041992188,2-7-21-22-24,11.21106,11824.08,57540.246,14566.659,"{'C22', 'C7', 'C24', 'C21', 'C2'}",C2-C7,8.919999748468399,4795.0,,12736.55891418457
C1-C3-C9-C21-C25,9.700000286102297,12000,5850.647687911987,1209.646224975586,1-3-9-21-25,12.603568,12207.347,62525.926,15489.127,"{'C25', 'C1', 'C21', 'C9', 'C3'}",C1-C3,18.69000047445297,4800.0,,11987.98441886902
C1-C3-C9-C21-C25,9.700000286102297,12000,5850.647687911987,1209.646224975586,1-3-9-21-25,12.603568,12207.347,62525.926,15489.127,"{'C25', 'C1', 'C21', 'C9', 'C3'}",C1-C9,18.320000171661377,4800.0,,15963.633060455322
C1-C3-C9-C21-C25,9.700000286102297,12000,5850.647687911987,1209.646224975586,1-3-9-21-25,12.603568,12207.347,62525.926,15489.127,"{'C25', 'C1', 'C21', 'C9', 'C3'}",C3-C9,9.950000047683716,4800.0,,15963.633060455322
C1-C3-C9-C21-C25,9.700000286102297,12000,5850.647687911987,1209.646224975586,1-3-9-21-25,12.603568,12207.347,62525.926,15489.127,"{'C25', 'C1', 'C21', 'C9', 'C3'}",C1-C3-C9,14.12000060081482,7200.0,,15963.633060455322
C1-C2-C3-C18-C20,11.420000344514849,11986,5904.729127883911,1229.0329933166504,1-2-3-18-20,12.628537,11499.453,57344.203,14136.316,"{'C1', 'C20', 'C2', 'C3', 'C18'}",C1-C2,10.409999638795853,4795.0,,11987.98441886902
C1-C2-C3-C18-C20,11.420000344514849,11986,5904.729127883911,1229.0329933166504,1-2-3-18-20,12.628537,11499.453,57344.203,14136.316,"{'C1', 'C20', 'C2', 'C3', 'C18'}",C1-C3,18.69000047445297,4800.0,,11987.98441886902
C1-C2-C3-C18-C20,11.420000344514849,11986,5904.729127883911,1229.0329933166504,1-2-3-18-20,12.628537,11499.453,57344.203,14136.316,"{'C1', 'C20', 'C2', 'C3', 'C18'}",C2-C3,18.240000307559967,4795.0,,11675.539016723633
C1-C2-C3-C18-C20,11.420000344514849,11986,5904.729127883911,1229.0329933166504,1-2-3-18-20,12.628537,11499.453,57344.203,14136.316,"{'C1', 'C20', 'C2', 'C3', 'C18'}",C1-C2-C3,12.690000236034392,7195.0,,11987.98441886902
C2-C4-C10-C17-C18,12.970000505447388,11979,5750.414371490479,1181.424856185913,2-4-10-17-18,11.819169,11963.262,60431.945,15042.68,"{'C4', 'C17', 'C2', 'C10', 'C18'}",C2-C4,11.540000140666962,4790.0,,11675.539016723633
C2-C4-C10-C17-C18,12.970000505447388,11979,5750.414371490479,1181.424856185913,2-4-10-17-18,11.819169,11963.262,60431.945,15042.68,"{'C4', 'C17', 'C2', 'C10', 'C18'}",C2-C10,9.97999981045723,4788.0,,11675.539016723633
C2-C4-C10-C17-C18,12.970000505447388,11979,5750.414371490479,1181.424856185913,2-4-10-17-18,11.819169,11963.262,60431.945,15042.68,"{'C4', 'C17', 'C2', 'C10', 'C18'}",C4-C10,13.40000033378601,4788.0,,9668.248653411863
C2-C4-C10-C17-C18,12.970000505447388,11979,5750.414371490479,1181.424856185913,2-4-10-17-18,11.819169,11963.262,60431.945,15042.68,"{'C4', 'C17', 'C2', 'C10', 'C18'}",C2-C4-C10,12.630000710487366,7183.0,,11675.539016723633
C3-C5-C6-C16-C24,10.429999977350237,11983,5451.02334022522,1125.890016555786,3-5-6-16-24,12.956991,11792.082,58169.83,14645.842,"{'C5', 'C16', 'C24', 'C6', 'C3'}",C3-C5,18.039999902248383,4800.0,,12506.68454170227
C3-C5-C6-C16-C24,10.429999977350237,11983,5451.02334022522,1125.890016555786,3-5-6-16-24,12.956991,11792.082,58169.83,14645.842,"{'C5', 'C16', 'C24', 'C6', 'C3'}",C3-C6,13.979999721050262,4797.0,,11017.77482032776
C3-C5-C6-C16-C24,10.429999977350237,11983,5451.02334022522,1125.890016555786,3-5-6-16-24,12.956991,11792.082,58169.83,14645.842,"{'C5', 'C16', 'C24', 'C6', 'C3'}",C5-C6,8.250000327825546,4797.0,,12506.68454170227
C3-C5-C6-C16-C24,10.429999977350237,11983,5451.02334022522,1125.890016555786,3-5-6-16-24,12.956991,11792.082,58169.83,14645.842,"{'C5', 'C16', 'C24', 'C6', 'C3'}",C3-C5-C6,14.62000012397766,7197.0,,12506.68454170227
C3-C8-C18-C19-C24,9.200000017881392,11984,5550.814628601074,1148.5960483551023,3-8-18-19-24,13.024051,11689.027,60390.426,15212.881,"{'C8', 'C24', 'C3', 'C19', 'C18'}",C3-C8,13.48000019788742,4796.0,,14680.899620056152
C1-C5-C10-C17-C20,13.580000400543211,11992,5700.000047683716,1198.2214450836182,1-5-10-17-20,12.072049,11658.541,59321.367,14969.752,"{'C5', 'C1', 'C20', 'C17', 'C10'}",C1-C5,15.35000056028366,4800.0,,12506.68454170227
C1-C5-C10-C17-C20,13.580000400543211,11992,5700.000047683716,1198.2214450836182,1-5-10-17-20,12.072049,11658.541,59321.367,14969.752,"{'C5', 'C1', 'C20', 'C17', 'C10'}",C1-C10,13.760000467300417,4793.0,,11987.98441886902
C1-C5-C10-C17-C20,13.580000400543211,11992,5700.000047683716,1198.2214450836182,1-5-10-17-20,12.072049,11658.541,59321.367,14969.752,"{'C5', 'C1', 'C20', 'C17', 'C10'}",C5-C10,23.109999299049377,4793.0,,12506.68454170227
C1-C5-C10-C17-C20,13.580000400543211,11992,5700.000047683716,1198.2214450836182,1-5-10-17-20,12.072049,11658.541,59321.367,14969.752,"{'C5', 'C1', 'C20', 'C17', 'C10'}",C1-C5-C10,13.840000331401823,7193.0,,12506.68454170227
C3-C10-C15-C21-C25,11.640000343322754,11995,5758.719205856323,1208.1825733184814,3-10-15-21-25,12.707875,11857.269,61816.477,15026.888,"{'C25', 'C15', 'C21', 'C3', 'C10'}",C3-C10,25.42000114917755,4793.0,,9668.248653411863
C3-C4-C8-C15-C18,11.349999904632568,11985,5740.453481674194,1213.3243083953855,3-4-8-15-18,12.466199,12234.883,63483.984,15957.231,"{'C4', 'C8', 'C15', 'C3', 'C18'}",C3-C4,9.679999947547913,4795.0,,9391.66235923767
C3-C4-C8-C15-C18,11.349999904632568,11985,5740.453481674194,1213.3243083953855,3-4-8-15-18,12.466199,12234.883,63483.984,15957.231,"{'C4', 'C8', 'C15', 'C3', 'C18'}",C3-C8,13.48000019788742,4796.0,,14680.899620056152
C3-C4-C8-C15-C18,11.349999904632568,11985,5740.453481674194,1213.3243083953855,3-4-8-15-18,12.466199,12234.883,63483.984,15957.231,"{'C4', 'C8', 'C15', 'C3', 'C18'}",C4-C8,10.490000247955322,4791.0,,14680.899620056152
C3-C4-C8-C15-C18,11.349999904632568,11985,5740.453481674194,1213.3243083953855,3-4-8-15-18,12.466199,12234.883,63483.984,15957.231,"{'C4', 'C8', 'C15', 'C3', 'C18'}",C3-C4-C8,10.740000009536743,7191.0,,14680.899620056152
C4-C10-C16-C22-C25,9.059999883174896,11979,5871.000528335571,1226.198434829712,4-10-16-22-25,12.139957,11680.027,60012.504,14857.254,"{'C4', 'C25', 'C22', 'C16', 'C10'}",C4-C10,13.40000033378601,4788.0,,9668.248653411863
C1-C6-C7-C17-C25,12.16999962925911,11994,6162.1832847595215,1329.232931137085,1-6-7-17-25,12.23268,11995.494,62246.426,15582.689,"{'C25', 'C1', 'C7', 'C17', 'C6'}",C1-C6,18.950000405311584,4797.0,,11987.98441886902
C1-C6-C7-C17-C25,12.16999962925911,11994,6162.1832847595215,1329.232931137085,1-6-7-17-25,12.23268,11995.494,62246.426,15582.689,"{'C25', 'C1', 'C7', 'C17', 'C6'}",C1-C7,12.0899997651577,4800.0,,12736.55891418457
C1-C6-C7-C17-C25,12.16999962925911,11994,6162.1832847595215,1329.232931137085,1-6-7-17-25,12.23268,11995.494,62246.426,15582.689,"{'C25', 'C1', 'C7', 'C17', 'C6'}",C6-C7,12.720000743865969,4797.0,,12736.55891418457
C1-C6-C7-C17-C25,12.16999962925911,11994,6162.1832847595215,1329.232931137085,1-6-7-17-25,12.23268,11995.494,62246.426,15582.689,"{'C25', 'C1', 'C7', 'C17', 'C6'}",C1-C6-C7,13.359999656677246,7197.0,,12736.55891418457
C1-C3-C15-C16-C20,11.339999735355375,11992,6038.577556610107,1283.825159072876,1-3-15-16-20,13.188625,11934.082,59357.02,14760.016,"{'C1', 'C20', 'C15', 'C16', 'C3'}",C1-C3,18.69000047445297,4800.0,,11987.98441886902
C7-C10-C17-C18-C23,15.559999644756315,11989,8045.846462249756,3212.4252319335938,7-10-17-18-23,13.033693,11592.575,59359.594,14480.863,"{'C23', 'C7', 'C17', 'C10', 'C18'}",C7-C10,13.179999589920044,4793.0,,12736.55891418457
C2-C8-C10-C20-C23,8.340000361204147,11983,6135.315656661987,1291.33939743042,2-8-10-20-23,12.068744,11815.299,65614.54,16728.496,"{'C8', 'C23', 'C20', 'C2', 'C10'}",C2-C8,17.29999929666519,4791.0,,14680.899620056152
C2-C8-C10-C20-C23,8.340000361204147,11983,6135.315656661987,1291.33939743042,2-8-10-20-23,12.068744,11815.299,65614.54,16728.496,"{'C8', 'C23', 'C20', 'C2', 'C10'}",C2-C10,9.97999981045723,4788.0,,11675.539016723633
C2-C8-C10-C20-C23,8.340000361204147,11983,6135.315656661987,1291.33939743042,2-8-10-20-23,12.068744,11815.299,65614.54,16728.496,"{'C8', 'C23', 'C20', 'C2', 'C10'}",C8-C10,13.619999587535858,4789.0,,14680.899620056152
C2-C8-C10-C20-C23,8.340000361204147,11983,6135.315656661987,1291.33939743042,2-8-10-20-23,12.068744,11815.299,65614.54,16728.496,"{'C8', 'C23', 'C20', 'C2', 'C10'}",C2-C8-C10,23.100000619888306,7184.0,,14680.899620056152
C2-C7-C8-C15-C21,13.989999890327454,11991,5968.432903289795,1379.6751499176023,2-7-8-15-21,11.68609,12191.92,64644.363,16256.768,"{'C8', 'C15', 'C7', 'C21', 'C2'}",C2-C7,8.919999748468399,4795.0,,12736.55891418457
C2-C7-C8-C15-C21,13.989999890327454,11991,5968.432903289795,1379.6751499176023,2-7-8-15-21,11.68609,12191.92,64644.363,16256.768,"{'C8', 'C15', 'C7', 'C21', 'C2'}",C2-C8,17.29999929666519,4791.0,,14680.899620056152
C2-C7-C8-C15-C21,13.989999890327454,11991,5968.432903289795,1379.6751499176023,2-7-8-15-21,11.68609,12191.92,64644.363,16256.768,"{'C8', 'C15', 'C7', 'C21', 'C2'}",C7-C8,17.03999936580658,4796.0,,14680.899620056152
C2-C7-C8-C15-C21,13.989999890327454,11991,5968.432903289795,1379.6751499176023,2-7-8-15-21,11.68609,12191.92,64644.363,16256.768,"{'C8', 'C15', 'C7', 'C21', 'C2'}",C2-C7-C8,16.459999978542328,7191.0,,14680.899620056152
C3-C6-C18-C21-C23,13.539999723434448,11988,5585.354804992676,1181.5712451934814,3-6-18-21-23,12.006964,11907.713,59990.137,15036.956,"{'C23', 'C21', 'C6', 'C3', 'C18'}",C3-C6,13.979999721050262,4797.0,,11017.77482032776
C4-C9-C15-C17-C24,10.849999636411669,11989,6029.66833114624,1476.266384124756,4-9-15-17-24,12.429769,11928.527,61035.73,15553.907,"{'C4', 'C15', 'C24', 'C17', 'C9'}",C4-C9,13.680000603199003,4795.0,,15963.633060455322
C3-C4-C8-C17-C24,12.759999930858612,11985,5966.109752655029,1309.1070652008057,3-4-8-17-24,12.164052,11611.535,58198.758,15142.316,"{'C4', 'C8', 'C24', 'C17', 'C3'}",C3-C4,9.679999947547913,4795.0,,9391.66235923767
C3-C4-C8-C17-C24,12.759999930858612,11985,5966.109752655029,1309.1070652008057,3-4-8-17-24,12.164052,11611.535,58198.758,15142.316,"{'C4', 'C8', 'C24', 'C17', 'C3'}",C3-C8,13.48000019788742,4796.0,,14680.899620056152
C3-C4-C8-C17-C24,12.759999930858612,11985,5966.109752655029,1309.1070652008057,3-4-8-17-24,12.164052,11611.535,58198.758,15142.316,"{'C4', 'C8', 'C24', 'C17', 'C3'}",C4-C8,10.490000247955322,4791.0,,14680.899620056152
C3-C4-C8-C17-C24,12.759999930858612,11985,5966.109752655029,1309.1070652008057,3-4-8-17-24,12.164052,11611.535,58198.758,15142.316,"{'C4', 'C8', 'C24', 'C17', 'C3'}",C3-C4-C8,10.740000009536743,7191.0,,14680.899620056152
C2-C3-C7-C24-C25,10.62999963760376,11989,5729.546785354614,1188.4946823120115,2-3-7-24-25,12.002931,11796.018,60117.312,15517.037,"{'C25', 'C7', 'C24', 'C2', 'C3'}",C2-C3,18.240000307559967,4795.0,,11675.539016723633
C2-C3-C7-C24-C25,10.62999963760376,11989,5729.546785354614,1188.4946823120115,2-3-7-24-25,12.002931,11796.018,60117.312,15517.037,"{'C25', 'C7', 'C24', 'C2', 'C3'}",C2-C7,8.919999748468399,4795.0,,12736.55891418457
C2-C3-C7-C24-C25,10.62999963760376,11989,5729.546785354614,1188.4946823120115,2-3-7-24-25,12.002931,11796.018,60117.312,15517.037,"{'C25', 'C7', 'C24', 'C2', 'C3'}",C3-C7,14.949999749660492,4800.0,,12736.55891418457
C2-C3-C7-C24-C25,10.62999963760376,11989,5729.546785354614,1188.4946823120115,2-3-7-24-25,12.002931,11796.018,60117.312,15517.037,"{'C25', 'C7', 'C24', 'C2', 'C3'}",C2-C3-C7,14.900000393390656,7195.0,,12736.55891418457
C1-C3-C19-C22-C23,8.290000259876251,11994,5619.908094406128,1163.764476776123,1-3-19-22-23,12.315476,12190.269,60597.45,15129.588,"{'C1', 'C23', 'C22', 'C3', 'C19'}",C1-C3,18.69000047445297,4800.0,,11987.98441886902
C5-C8-C9-C17-C19,12.890000641345978,11996,5499.401569366455,1120.7878589630127,5-8-9-17-19,12.896321,12023.983,66988.9,16958.889,"{'C5', 'C8', 'C9', 'C17', 'C19'}",C5-C8,20.430000126361847,4796.0,,14680.899620056152
C5-C8-C9-C17-C19,12.890000641345978,11996,5499.401569366455,1120.7878589630127,5-8-9-17-19,12.896321,12023.983,66988.9,16958.889,"{'C5', 'C8', 'C9', 'C17', 'C19'}",C5-C9,16.840000450611115,4800.0,,15963.633060455322
C5-C8-C9-C17-C19,12.890000641345978,11996,5499.401569366455,1120.7878589630127,5-8-9-17-19,12.896321,12023.983,66988.9,16958.889,"{'C5', 'C8', 'C9', 'C17', 'C19'}",C8-C9,23.98999929428101,4796.0,,15963.633060455322
C5-C8-C9-C17-C19,12.890000641345978,11996,5499.401569366455,1120.7878589630127,5-8-9-17-19,12.896321,12023.983,66988.9,16958.889,"{'C5', 'C8', 'C9', 'C17', 'C19'}",C5-C8-C9,11.20000034570694,7196.0,,15963.633060455322
C1-C2-C9-C20-C22,11.379999667406082,11986,5459.700107574463,1108.4604263305664,1-2-9-20-22,12.494821,12365.953,68007.89,16176.964,"{'C1', 'C20', 'C22', 'C9', 'C2'}",C1-C2,10.409999638795853,4795.0,,11987.98441886902
C1-C2-C9-C20-C22,11.379999667406082,11986,5459.700107574463,1108.4604263305664,1-2-9-20-22,12.494821,12365.953,68007.89,16176.964,"{'C1', 'C20', 'C22', 'C9', 'C2'}",C1-C9,18.320000171661377,4800.0,,15963.633060455322
C1-C2-C9-C20-C22,11.379999667406082,11986,5459.700107574463,1108.4604263305664,1-2-9-20-22,12.494821,12365.953,68007.89,16176.964,"{'C1', 'C20', 'C22', 'C9', 'C2'}",C2-C9,16.769999265670776,4795.0,,15963.633060455322
C1-C2-C9-C20-C22,11.379999667406082,11986,5459.700107574463,1108.4604263305664,1-2-9-20-22,12.494821,12365.953,68007.89,16176.964,"{'C1', 'C20', 'C22', 'C9', 'C2'}",C1-C2-C9,15.870000422000883,7195.0,,15963.633060455322
C4-C8-C10-C15-C17,8.35999995470047,11986,5640.528440475464,1163.9184951782229,4-8-10-15-17,12.458418,11687.628,64231.203,16434.062,"{'C4', 'C8', 'C15', 'C17', 'C10'}",C4-C8,10.490000247955322,4791.0,,14680.899620056152
C4-C8-C10-C15-C17,8.35999995470047,11986,5640.528440475464,1163.9184951782229,4-8-10-15-17,12.458418,11687.628,64231.203,16434.062,"{'C4', 'C8', 'C15', 'C17', 'C10'}",C4-C10,13.40000033378601,4788.0,,9668.248653411863
C4-C8-C10-C15-C17,8.35999995470047,11986,5640.528440475464,1163.9184951782229,4-8-10-15-17,12.458418,11687.628,64231.203,16434.062,"{'C4', 'C8', 'C15', 'C17', 'C10'}",C8-C10,13.619999587535858,4789.0,,14680.899620056152
C4-C8-C10-C15-C17,8.35999995470047,11986,5640.528440475464,1163.9184951782229,4-8-10-15-17,12.458418,11687.628,64231.203,16434.062,"{'C4', 'C8', 'C15', 'C17', 'C10'}",C4-C8-C10,10.339999943971634,7184.0,,14680.899620056152
C5-C7-C8-C22-C25,11.68999969959259,11990,5483.703136444092,1105.6585311889648,5-7-8-22-25,11.947831,12173.653,63850.152,16198.607,"{'C5', 'C25', 'C8', 'C22', 'C7'}",C5-C7,11.659999936819077,4800.0,,12736.55891418457
C5-C7-C8-C22-C25,11.68999969959259,11990,5483.703136444092,1105.6585311889648,5-7-8-22-25,11.947831,12173.653,63850.152,16198.607,"{'C5', 'C25', 'C8', 'C22', 'C7'}",C5-C8,20.430000126361847,4796.0,,14680.899620056152
C5-C7-C8-C22-C25,11.68999969959259,11990,5483.703136444092,1105.6585311889648,5-7-8-22-25,11.947831,12173.653,63850.152,16198.607,"{'C5', 'C25', 'C8', 'C22', 'C7'}",C7-C8,17.03999936580658,4796.0,,14680.899620056152
C5-C7-C8-C22-C25,11.68999969959259,11990,5483.703136444092,1105.6585311889648,5-7-8-22-25,11.947831,12173.653,63850.152,16198.607,"{'C5', 'C25', 'C8', 'C22', 'C7'}",C5-C7-C8,23.029999434947968,7196.0,,14680.899620056152
C6-C9-C19-C23-C24,12.439999729394913,11988,5535.898208618164,1153.9452075958252,6-9-19-23-24,11.86637,12026.045,62740.953,15857.808,"{'C23', 'C24', 'C9', 'C6', 'C19'}",C6-C9,10.930000245571136,4797.0,,15963.633060455322
C2-C9-C19-C24-C25,8.290000259876251,11989,5046.051263809204,1226.4704704284668,2-9-19-24-25,12.050788,12123.409,63668.258,16293.872,"{'C25', 'C24', 'C9', 'C2', 'C19'}",C2-C9,16.769999265670776,4795.0,,15963.633060455322
C2-C7-C9-C15-C21,8.590000122785568,11995,7063.150644302368,3265.740871429444,2-7-9-15-21,11.55495,12204.416,63457.465,15885.218,"{'C15', 'C7', 'C21', 'C9', 'C2'}",C2-C7,8.919999748468399,4795.0,,12736.55891418457
C2-C7-C9-C15-C21,8.590000122785568,11995,7063.150644302368,3265.740871429444,2-7-9-15-21,11.55495,12204.416,63457.465,15885.218,"{'C15', 'C7', 'C21', 'C9', 'C2'}",C2-C9,16.769999265670776,4795.0,,15963.633060455322
C2-C7-C9-C15-C21,8.590000122785568,11995,7063.150644302368,3265.740871429444,2-7-9-15-21,11.55495,12204.416,63457.465,15885.218,"{'C15', 'C7', 'C21', 'C9', 'C2'}",C7-C9,13.169999420642853,4800.0,,15963.633060455322
C2-C7-C9-C15-C21,8.590000122785568,11995,7063.150644302368,3265.740871429444,2-7-9-15-21,11.55495,12204.416,63457.465,15885.218,"{'C15', 'C7', 'C21', 'C9', 'C2'}",C2-C7-C9,10.689999908208849,7195.0,,15963.633060455322
C2-C6-C15-C22-C23,9.98999997973442,11983,4885.231018066406,985.9251976013184,2-6-15-22-23,11.01459,11927.723,60629.438,15417.129,"{'C23', 'C22', 'C15', 'C2', 'C6'}",C2-C6,11.12999990582466,4792.0,,11675.539016723633
C4-C8-C16-C18-C24,11.590000241994858,11974,4870.741844177246,978.3756732940674,4-8-16-18-24,13.29172,11180.344,58964.88,15250.044,"{'C4', 'C8', 'C16', 'C24', 'C18'}",C4-C8,10.490000247955322,4791.0,,14680.899620056152
C3-C6-C16-C22-C23,9.160000085830688,11983,4799.881935119629,967.6744937896729,3-6-16-22-23,11.659523,11843.083,59653.45,15158.741,"{'C23', 'C22', 'C16', 'C6', 'C3'}",C3-C6,13.979999721050262,4797.0,,11017.77482032776
C3-C5-C8-C19-C24,11.37000024318695,11990,4757.2922706604,967.1230316162108,3-5-8-19-24,12.404101,11754.3125,60743.285,15543.551,"{'C5', 'C8', 'C24', 'C3', 'C19'}",C3-C5,18.039999902248383,4800.0,,12506.68454170227
C3-C5-C8-C19-C24,11.37000024318695,11990,4757.2922706604,967.1230316162108,3-5-8-19-24,12.404101,11754.3125,60743.285,15543.551,"{'C5', 'C8', 'C24', 'C3', 'C19'}",C3-C8,13.48000019788742,4796.0,,14680.899620056152
C3-C5-C8-C19-C24,11.37000024318695,11990,4757.2922706604,967.1230316162108,3-5-8-19-24,12.404101,11754.3125,60743.285,15543.551,"{'C5', 'C8', 'C24', 'C3', 'C19'}",C5-C8,20.430000126361847,4796.0,,14680.899620056152
C3-C5-C8-C19-C24,11.37000024318695,11990,4757.2922706604,967.1230316162108,3-5-8-19-24,12.404101,11754.3125,60743.285,15543.551,"{'C5', 'C8', 'C24', 'C3', 'C19'}",C3-C5-C8,11.389999836683272,7196.0,,14680.899620056152
C1-C3-C5-C9-C10,10.000000149011612,11995,4758.984565734863,959.8445892333984,1-3-5-9-10,12.892427,12041.233,58605.05,14649.316,"{'C5', 'C1', 'C9', 'C3', 'C10'}",C1-C3,18.69000047445297,4800.0,,11987.98441886902
C1-C3-C5-C9-C10,10.000000149011612,11995,4758.984565734863,959.8445892333984,1-3-5-9-10,12.892427,12041.233,58605.05,14649.316,"{'C5', 'C1', 'C9', 'C3', 'C10'}",C1-C5,15.35000056028366,4800.0,,12506.68454170227
C1-C3-C5-C9-C10,10.000000149011612,11995,4758.984565734863,959.8445892333984,1-3-5-9-10,12.892427,12041.233,58605.05,14649.316,"{'C5', 'C1', 'C9', 'C3', 'C10'}",C1-C9,18.320000171661377,4800.0,,15963.633060455322
C1-C3-C5-C9-C10,10.000000149011612,11995,4758.984565734863,959.8445892333984,1-3-5-9-10,12.892427,12041.233,58605.05,14649.316,"{'C5', 'C1', 'C9', 'C3', 'C10'}",C1-C10,13.760000467300417,4793.0,,11987.98441886902
C1-C3-C5-C9-C10,10.000000149011612,11995,4758.984565734863,959.8445892333984,1-3-5-9-10,12.892427,12041.233,58605.05,14649.316,"{'C5', 'C1', 'C9', 'C3', 'C10'}",C3-C5,18.039999902248383,4800.0,,12506.68454170227
C1-C3-C5-C9-C10,10.000000149011612,11995,4758.984565734863,959.8445892333984,1-3-5-9-10,12.892427,12041.233,58605.05,14649.316,"{'C5', 'C1', 'C9', 'C3', 'C10'}",C3-C9,9.950000047683716,4800.0,,15963.633060455322
C1-C3-C5-C9-C10,10.000000149011612,11995,4758.984565734863,959.8445892333984,1-3-5-9-10,12.892427,12041.233,58605.05,14649.316,"{'C5', 'C1', 'C9', 'C3', 'C10'}",C3-C10,25.42000114917755,4793.0,,9668.248653411863
C1-C3-C5-C9-C10,10.000000149011612,11995,4758.984565734863,959.8445892333984,1-3-5-9-10,12.892427,12041.233,58605.05,14649.316,"{'C5', 'C1', 'C9', 'C3', 'C10'}",C5-C9,16.840000450611115,4800.0,,15963.633060455322
C1-C3-C5-C9-C10,10.000000149011612,11995,4758.984565734863,959.8445892333984,1-3-5-9-10,12.892427,12041.233,58605.05,14649.316,"{'C5', 'C1', 'C9', 'C3', 'C10'}",C5-C10,23.109999299049377,4793.0,,12506.68454170227
C1-C3-C5-C9-C10,10.000000149011612,11995,4758.984565734863,959.8445892333984,1-3-5-9-10,12.892427,12041.233,58605.05,14649.316,"{'C5', 'C1', 'C9', 'C3', 'C10'}",C9-C10,18.41000020503997,4793.0,,15963.633060455322
C1-C3-C5-C9-C10,10.000000149011612,11995,4758.984565734863,959.8445892333984,1-3-5-9-10,12.892427,12041.233,58605.05,14649.316,"{'C5', 'C1', 'C9', 'C3', 'C10'}",C1-C3-C5,16.96999967098236,7200.0,,12506.68454170227
C1-C3-C5-C9-C10,10.000000149011612,11995,4758.984565734863,959.8445892333984,1-3-5-9-10,12.892427,12041.233,58605.05,14649.316,"{'C5', 'C1', 'C9', 'C3', 'C10'}",C1-C3-C9,14.12000060081482,7200.0,,15963.633060455322
C1-C3-C5-C9-C10,10.000000149011612,11995,4758.984565734863,959.8445892333984,1-3-5-9-10,12.892427,12041.233,58605.05,14649.316,"{'C5', 'C1', 'C9', 'C3', 'C10'}",C1-C3-C10,18.950000405311584,7193.0,,11987.98441886902
C1-C3-C5-C9-C10,10.000000149011612,11995,4758.984565734863,959.8445892333984,1-3-5-9-10,12.892427,12041.233,58605.05,14649.316,"{'C5', 'C1', 'C9', 'C3', 'C10'}",C1-C5-C9,17.45000034570694,7200.0,,15963.633060455322
C1-C3-C5-C9-C10,10.000000149011612,11995,4758.984565734863,959.8445892333984,1-3-5-9-10,12.892427,12041.233,58605.05,14649.316,"{'C5', 'C1', 'C9', 'C3', 'C10'}",C1-C5-C10,13.840000331401823,7193.0,,12506.68454170227
C1-C3-C5-C9-C10,10.000000149011612,11995,4758.984565734863,959.8445892333984,1-3-5-9-10,12.892427,12041.233,58605.05,14649.316,"{'C5', 'C1', 'C9', 'C3', 'C10'}",C1-C9-C10,10.62999963760376,7193.0,,15963.633060455322
C1-C3-C5-C9-C10,10.000000149011612,11995,4758.984565734863,959.8445892333984,1-3-5-9-10,12.892427,12041.233,58605.05,14649.316,"{'C5', 'C1', 'C9', 'C3', 'C10'}",C3-C5-C9,12.349999696016312,7200.0,,15963.633060455322
C1-C3-C5-C9-C10,10.000000149011612,11995,4758.984565734863,959.8445892333984,1-3-5-9-10,12.892427,12041.233,58605.05,14649.316,"{'C5', 'C1', 'C9', 'C3', 'C10'}",C3-C5-C10,17.149999737739563,7193.0,,12506.68454170227
C1-C3-C5-C9-C10,10.000000149011612,11995,4758.984565734863,959.8445892333984,1-3-5-9-10,12.892427,12041.233,58605.05,14649.316,"{'C5', 'C1', 'C9', 'C3', 'C10'}",C3-C9-C10,15.230000019073486,7193.0,,15963.633060455322
C1-C3-C5-C9-C10,10.000000149011612,11995,4758.984565734863,959.8445892333984,1-3-5-9-10,12.892427,12041.233,58605.05,14649.316,"{'C5', 'C1', 'C9', 'C3', 'C10'}",C5-C9-C10,14.560000598430634,7193.0,,15963.633060455322
C5-C9-C20-C23-C25,14.110000431537628,11997,4737.038373947144,956.4049243927002,5-9-20-23-25,12.184343,12107.153,64279.004,16148.535,"{'C5', 'C25', 'C20', 'C23', 'C9'}",C5-C9,16.840000450611115,4800.0,,15963.633060455322
C1-C8-C9-C19-C21,11.089999973773956,11996,4910.008430480957,1057.5761795043943,1-8-9-19-21,12.970229,12094.898,66871.09,16819.283,"{'C8', 'C1', 'C21', 'C9', 'C19'}",C1-C8,10.289999842643738,4796.0,,14680.899620056152
C1-C8-C9-C19-C21,11.089999973773956,11996,4910.008430480957,1057.5761795043943,1-8-9-19-21,12.970229,12094.898,66871.09,16819.283,"{'C8', 'C1', 'C21', 'C9', 'C19'}",C1-C9,18.320000171661377,4800.0,,15963.633060455322
C1-C8-C9-C19-C21,11.089999973773956,11996,4910.008430480957,1057.5761795043943,1-8-9-19-21,12.970229,12094.898,66871.09,16819.283,"{'C8', 'C1', 'C21', 'C9', 'C19'}",C8-C9,23.98999929428101,4796.0,,15963.633060455322
C1-C8-C9-C19-C21,11.089999973773956,11996,4910.008430480957,1057.5761795043943,1-8-9-19-21,12.970229,12094.898,66871.09,16819.283,"{'C8', 'C1', 'C21', 'C9', 'C19'}",C1-C8-C9,10.639999806880953,7196.0,,15963.633060455322
C2-C4-C17-C20-C24,8.309999853372574,11981,4727.944135665894,953.427791595459,2-4-17-20-24,11.12635,11722.408,58196.55,14962.468,"{'C4', 'C20', 'C24', 'C17', 'C2'}",C2-C4,11.540000140666962,4790.0,,11675.539016723633
